,airline_sentiment,tweet_coord,nearest_city
21,2,"[40.74804263, -73.99295302]",New York City
28,0,"[42.361016, -71.02000488]",Chelsea
29,1,"[33.94540417, -118.4062472]",El Segundo
32,0,"[33.94209449, -118.40410103]",El Segundo
34,2,"[33.2145038, -96.9321504]",Frisco
42,1,"[34.0219817, -118.38591198]",Culver City
62,1,"[33.57963333, -117.73024772]",Aliso Viejo
69,0,"[40.6413712, -73.78311558]",Springfield Gardens
74,2,"[36.08457854, -115.13780136]",Paradise
108,1,"[37.79374402, -122.39327564]",San Francisco
115,0,"[26.074379, -80.1416831]",Dania Beach
124,2,"[33.9469039, -118.40716847]",El Segundo
126,0,"[51.04345575, -114.06071363]",Calgary
128,1,"[40.64662464, -73.77090177]",Springfield Gardens
147,2,"[33.94652852, -118.40766257]",El Segundo
189,2,"[38.9128188, -77.00798226]","Washington, D.C."
205,2,"[32.84359605, -96.84910929]",Dallas
211,0,"[32.8437698, -96.84928399]",Dallas
249,0,"[26.06726717, -80.14433663]",Dania Beach
264,2,"[32.8454782, -96.8504585]",Dallas
285,1,"[39.24087254, -94.63994975]",Gladstone
303,2,"[37.77465018, -122.44032176]",San Francisco
337,1,"[33.94696831, -118.40747994]",El Segundo
409,0,"[40.63767372, -74.11075451]",Port Richmond
473,1,"[40.78986648, -73.10068286]",Ronkonkoma
475,2,"[42.5696777, -71.42056878]",Westford
499,1,"[37.80065252, -122.43857414]",San Francisco
503,1,"[36.08546367, -115.31814055]",Summerlin South
511,0,"[19.43706642, -99.07927123]",Venustiano Carranza
527,2,"[39.8621249, -104.6740909]",Brighton
585,0,"[52.59657643, -2.19877833]",Wolverhampton
631,1,"[29.98386923, -95.33729612]",Aldine
632,0,"[29.98340611, -95.33682231]",Aldine
633,0,"[29.98350019, -95.33675519]",Aldine
634,0,"[29.98377529, -95.33756559]",Aldine
636,0,"[29.98350283, -95.33678993]",Aldine
637,0,"[29.98384925, -95.3374653]",Aldine
638,0,"[29.98372726, -95.33734532]",Aldine
672,0,"[29.98521945, -90.25215941]",Kenner
673,0,"[29.98698389, -90.25081767]",Kenner
674,0,"[29.98699328, -90.25081691]",Kenner
676,0,"[29.98878092, -90.25836915]",Kenner
677,0,"[29.9880285, -90.25781369]",Kenner
684,0,"[29.987463, -90.25860012]",Kenner
685,0,"[29.98746669, -90.25862007]",Kenner
687,2,"[35.8057062, -78.7869445]",Cary
689,0,"[52.48854137, -1.91022836]",Birmingham
712,0,"[45.58711296, -122.58038932]",Orchards
721,2,"[59.38247253, 18.00789007]",RÃ¥sunda
756,0,"[32.86680572, -80.01338439]",North Charleston
766,1,"[41.9785651, -87.90833965]",Bensenville
768,1,"[53.36729431, -2.27861694]",Hale
769,0,"[41.98202331, -87.90374263]",Bensenville
787,1,"[37.7994546, -122.427629]",San Francisco
796,0,"[41.97777091, -87.90782014]",Bensenville
804,0,"[41.88298649, -87.63403627]",Chicago
809,1,"[35.8056542, -78.786848]",Cary
820,0,"[33.9411179, -118.3972405]",El Segundo
829,0,"[41.98191311, -87.80888924]",Niles
840,0,"[39.85862444, -104.6768992]",Brighton
846,2,"[38.9470418, -77.4511456]",Oak Hill
850,0,"[41.97758714, -87.91388554]",Bensenville
854,2,"[38.9470207, -77.4511745]",Oak Hill
914,0,"[40.68545235, -74.18374208]",Elizabeth
921,1,"[51.3228181, 5.3576138]",Bergeijk
936,0,"[26.07324041, -80.14510971]",Dania Beach
943,0,"[40.69943599, -74.17868875]",Newark
946,0,"[26.07694041, -80.13546475]",Dania Beach
952,0,"[40.6992418, -74.17884798]",Newark
969,0,"[28.62111274, -81.29294408]",Winter Park
976,0,"[40.69814396, -74.17906717]",Newark
977,0,"[39.85790482, -104.67039013]",Brighton
979,0,"[39.85799572, -104.67056217]",Brighton
1002,0,"[51.72050559, 8.72711201]",Paderborn
1018,0,"[29.7420124, -95.5606921]",Bellaire
1027,0,"[40.6875448, -74.17714813]",Elizabeth
1039,0,"[19.43493094, -99.18877967]",Polanco
1052,0,"[29.7421541, -95.5600896]",Bellaire
1063,0,"[41.97745295, -87.91025951]",Bensenville
1069,0,"[41.97475934, -87.89040377]",Franklin Park
1071,2,"[51.322819, 5.3576218]",Bergeijk
1072,0,"[41.97474769, -87.89039148]",Franklin Park
1075,0,"[41.97758466, -87.91065356]",Bensenville
1085,0,"[29.98788997, -95.34470061]",Aldine
1106,0,"[45.52146907, -122.69810485]",Portland
1117,0,"[41.97495038, -87.89005988]",Franklin Park
1162,0,"[29.98877308, -95.33846478]",Aldine
1238,0,"[41.97883697, -87.90639116]",Bensenville
1265,1,"[45.67920767, -111.04847652]",Bozeman
1279,0,"[41.97888728, -87.90617197]",Bensenville
1293,0,"[33.64323551, -84.44248239]",East Point
1299,1,"[40.69450196, -74.1749219]",Newark
1337,0,"[39.24541389, -106.88172648]",Montrose
1343,2,"[20.0615871, 110.18390431]",Xiuying
1413,0,"[39.84911904, -104.67447584]",Aurora
1418,0,"[36.08161548, -115.14959772]",Paradise
1442,1,"[27.9746606, -82.5320172]",Egypt Lake-Leto
1451,0,"[45.67922537, -111.04823044]",Bozeman
1455,0,"[45.67922693, -111.04839797]",Bozeman
1456,0,"[45.67925887, -111.04844481]",Bozeman
1457,0,"[45.67912434, -111.04847959]",Bozeman
1461,0,"[29.98378319, -95.33473143]",Aldine
1468,1,"[-38.0271635, 145.2112317]",Hampton Park
1469,1,"[-38.0269936, 145.2110041]",Hampton Park
1511,0,"[33.94077727, -118.39921036]",El Segundo
1512,0,"[29.9866693, -95.3382794]",Aldine
1590,0,"[36.08655568, -115.1394417]",Paradise
1613,2,"[41.92992293, -87.66944213]",Chicago
1626,2,"[41.97890473, -87.91027352]",Bensenville
1639,1,"[41.9763291, -87.73856403]",Skokie
1648,2,"[51.3228191, 5.3576225]",Bergeijk
1660,0,"[43.56768225, -116.22061173]",Boise
1662,2,"[38.95201335, -77.44443882]",Oak Hill
1670,2,"[43.56764134, -116.22089932]",Boise
1696,0,"[39.8586527, -104.6718518]",Brighton
1707,0,"[40.69672337, -74.17710665]",Newark
1712,0,"[47.4390828, -122.300713]",SeaTac
1715,0,"[47.4389994, -122.3010208]",SeaTac
1728,0,"[39.85861469, -104.67233425]",Brighton
1749,1,"[-37.8536992, 145.1106176]",Camberwell
1758,0,"[39.8586566, -104.6718497]",Brighton
1759,0,"[39.8586593, -104.6718352]",Brighton
1768,0,"[39.85873319, -104.67372668]",Brighton
1814,0,"[37.83520596, -122.25460611]",Oakland
1825,0,"[29.98704632, -95.3378275]",Aldine
1826,0,"[29.98707518, -95.33783524]",Aldine
1833,0,"[41.97862209, -87.91469774]",Bensenville
1840,2,"[41.97456785, -87.90563774]",Bensenville
1855,2,"[25.79104444, -80.27338351]",Brownsville
1878,0,"[39.99829207, -82.88085401]",Gahanna
1886,0,"[39.99814659, -82.88058383]",Gahanna
1890,0,"[38.94562938, -77.44400264]",Oak Hill
1934,1,"[29.98872603, -95.3384666]",Aldine
1936,0,"[29.98870677, -95.33845443]",Aldine
1945,0,"[40.6941088, -74.17545854]",Newark
1971,0,"[39.99806982, -82.88439575]",Gahanna
2011,1,"[22.31355693, 113.92636768]",Tung Chung
2062,0,"[37.61980156, -122.38447633]",Millbrae
2063,0,"[33.94171725, -118.39844033]",El Segundo
2121,0,"[34.99254864, -80.92841859]",Rock Hill
2123,2,"[37.61829369, -122.39192247]",Millbrae
2131,1,"[21.32911863, -157.91749165]",Honolulu
2148,0,"[38.95801195, -77.44365722]",Oak Hill
2154,0,"[38.93770157, -77.4551004]",Oak Hill
2167,0,"[37.61839686, -122.38751]",Millbrae
2171,0,"[37.61926072, -122.38812564]",Millbrae
2215,0,"[38.95638224, -77.43898845]",Oak Hill
2237,0,"[35.07067492, -80.7899648]",Matthews
2250,0,"[43.60417384, -110.7362561]",Rexburg
2252,0,"[39.85760174, -104.66669625]",Brighton
2259,2,"[26.07294988, -80.14147128]",Dania Beach
2275,0,"[35.00096266, -80.87374938]",Rock Hill
2277,0,"[35.00595547, -80.89437239]",Rock Hill
2285,2,"[19.43010575, -99.18988829]",Polanco
2310,0,"[19.41622708, -99.16143525]",Benito Juarez
2366,0,"[37.61782989, -122.39172299]",Millbrae
2367,0,"[37.61761896, -122.39164663]",Millbrae
2379,0,"[40.72476892, -74.09204213]",Jersey City
2380,0,"[18.47066766, -68.40014139]",Punta Cana
2395,0,"[38.94291482, -77.44870496]",Oak Hill
2409,1,"[31.27777976, 121.59340615]",Shanghai
2416,0,"[33.84438223, -116.5516582]",Palm Springs
2417,0,"[33.84445776, -116.55139365]",Palm Springs
2428,0,"[40.73074756, -73.95248962]",Long Island City
2451,0,"[33.89611413, -84.33113356]",North Atlanta
2464,0,"[33.89638659, -84.33108377]",North Atlanta
2472,0,"[25.08347991, -77.3225763]",Nassau
2480,1,"[42.3613256, -71.0167387]",Chelsea
2503,2,"[39.74529398, -104.99225976]",Denver
2521,0,"[18.47240961, -68.39941149]",Punta Cana
2523,0,"[18.4729405, -68.39820768]",Punta Cana
2528,0,"[18.47233225, -68.39941165]",Punta Cana
2534,1,"[18.4710809, -68.39995916]",Punta Cana
2535,0,"[43.59688282, -72.96820686]",Rutland
2540,0,"[29.81532281, -95.40830048]",Houston
2549,2,"[41.9413787, -87.8932425]",Franklin Park
2551,2,"[41.9808176, -87.9063373]",Bensenville
2552,2,"[41.9809313, -87.9063148]",Bensenville
2566,0,"[33.99585652, -117.35791469]",Rubidoux
2576,2,"[33.94238375, -118.39906416]",El Segundo
2578,2,"[41.86591706, -87.6231238]",Chicago
2584,0,"[41.86590405, -87.62282728]",Chicago
2587,0,"[41.86589387, -87.62303178]",Chicago
2592,0,"[39.77848558, -104.90007634]",Commerce City
2594,0,"[39.77390684, -104.84537303]",Aurora
2599,0,"[39.83426941, -104.69960636]",Aurora
2600,0,"[39.83426941, -104.69960636]",Aurora
2601,0,"[41.86591215, -87.6231126]",Chicago
2605,0,"[39.84913886, -104.67403666]",Aurora
2619,0,"[40.71857786, -73.99426076]",New York City
2641,0,"[29.98498519, -95.3338971]",Aldine
2662,0,"[40.71518191, -73.99595593]",New York City
2703,0,"[38.26810946, -82.12153441]",Ashland
2716,2,"[37.61476852, -122.40521688]",San Bruno
2718,0,"[29.98384194, -95.33664018]",Aldine
2735,1,"[40.64993239, -73.78249589]",Springfield Gardens
2757,2,"[49.73717309, -96.67646776]",Winnipeg
2765,0,"[29.98454639, -95.33856899]",Aldine
2778,0,"[41.9653255, -87.87535719]",Franklin Park
2785,0,"[37.78736562, -122.40865161]",San Francisco
2819,2,"[33.63992689, -84.44705534]",East Point
2831,0,"[33.64314381, -84.44252134]",East Point
2855,0,"[42.37525611, -71.24042938]",Waltham
2896,2,"[43.68346133, -79.61394084]",Etobicoke
2900,2,"[45.58977875, -122.59182952]",Orchards
2917,0,"[28.34834331, -81.48581918]",Kissimmee
2919,1,"[25.07815796, 55.13798672]",Dubai
2925,0,"[45.58986727, -122.59182577]",Orchards
2929,0,"[37.6202411, -122.3883092]",Millbrae
2936,1,"[25.0779704, 55.13808289]",Dubai
2942,0,"[25.07772121, 55.13822432]",Dubai
2956,1,"[30.15481071, -95.43911291]",Conroe
2963,0,"[25.0776918, 55.13824067]",Dubai
2995,2,"[29.98445184, -95.33224657]",Aldine
3031,0,"[37.62025528, -122.38832698]",Millbrae
3046,0,"[40.62387603, -74.30164717]",Rahway
3092,1,"[37.78194753, -122.43412918]",San Francisco
3100,0,"[37.62068265, -122.38816957]",Millbrae
3109,2,"[40.7868699, -111.9790833]",Salt Lake City
3119,0,"[40.69758992, -74.25047478]",Union
3125,1,"[40.7697595, -111.974937]",West Valley City
3133,2,"[33.82063563, -116.50768141]",Palm Springs
3141,0,"[37.78508121, -122.41114577]",San Francisco
3147,1,"[40.71288929, -74.16612474]",Newark
3156,0,"[40.68612449, -74.18465897]",Elizabeth
3165,0,"[40.69522398, -74.1760931]",Newark
3169,1,"[37.6205514, -122.3867929]",Millbrae
3170,0,"[40.69482181, -74.17458032]",Newark
3172,0,"[37.6209902, -122.3867265]",Millbrae
3181,0,"[37.6208766, -122.3867929]",Millbrae
3185,0,"[40.6867848, -74.18351089]",Elizabeth
3196,1,"[34.06143413, -118.39787418]",Beverly Hills
3211,1,"[38.21327338, -85.76378195]",Louisville
3213,0,"[38.94549594, -77.45193731]",Oak Hill
3218,2,"[40.77395906, -73.8746932]",Jackson Heights
3231,0,"[37.63404103, -122.40313084]",San Bruno
3249,0,"[39.99869322, -82.88004055]",Gahanna
3258,0,"[37.99311597, -84.52114659]",Lexington
3260,0,"[37.99311597, -84.52114659]",Lexington
3266,0,"[39.99838284, -82.88068344]",Gahanna
3303,0,"[35.23908248, -120.64078264]",San Luis Obispo
3304,0,"[35.23896405, -120.64046203]",San Luis Obispo
3340,2,"[40.71517211, -74.01453422]",New York City
3354,0,"[37.61907, -122.38607]",Millbrae
3370,0,"[37.61821986, -122.38745399]",Millbrae
3385,2,"[35.8924655, -84.19243176]",Farragut
3415,1,"[34.06979432, -117.57757056]",Rancho Cucamonga
3508,1,"[13.71241507, 100.60468537]",Phra Pradaeng
3519,0,"[34.06978184, -117.57752166]",Rancho Cucamonga
3520,0,"[34.06071437, -117.59814212]",Rancho Cucamonga
3542,1,"[1.3523078, 103.8637764]",Singapore
3562,0,"[38.78438914, -104.72749614]",Security-Widefield
3601,1,"[-33.87144962, 151.20821275]",Sydney
3603,0,"[41.97826134, -87.91247425]",Bensenville
3619,1,"[35.21498347, -80.96071981]",Charlotte
3635,1,"[40.74389886, -74.12493599]",Harrison
3637,2,"[29.98425706, -95.34407392]",Aldine
3652,0,"[40.03395098, -105.24950187]",Boulder
3673,1,"[41.98084325, -87.90939435]",Bensenville
3727,0,"[33.5089001, -112.02901444]",Phoenix
3733,0,"[38.94494175, -77.45367931]",Oak Hill
3736,0,"[41.98160558, -87.90496847]",Bensenville
3802,0,"[39.85823091, -104.67802376]",Brighton
3806,0,"[29.97877958, -95.33246329]",Aldine
3816,1,"[37.62006843, -122.38822083]",Millbrae
3832,0,"[29.98605741, -90.25189405]",Kenner
3875,0,"[33.75357228, -116.36206155]",Palm Desert
3904,0,"[37.94357634, -121.69565906]",Brentwood
3929,0,"[33.75538818, -116.36197002]",Palm Desert
3938,0,"[33.75536802, -116.36197857]",Palm Desert
3939,0,"[40.79971517, -74.25960937]",West Orange
3944,0,"[33.75539049, -116.36196163]",Palm Desert
3945,0,"[37.62063433, -122.38946673]",Millbrae
3949,0,"[33.75539049, -116.36196163]",Palm Desert
3953,0,"[27.98622757, -82.5414547]",Town 'n' Country
3956,0,"[33.75348859, -116.36209633]",Palm Desert
3957,0,"[33.75348859, -116.36209633]",Palm Desert
3959,2,"[40.54989958, -111.90404484]",South Jordan
3965,0,"[36.08651969, -115.13942786]",Paradise
3966,0,"[36.08652135, -115.13941959]",Paradise
3975,2,"[34.01019938, -117.42860927]",Rubidoux
3976,0,"[34.01352255, -117.44528297]",Glen Avon
3985,0,"[41.9797415, -87.9099894]",Bensenville
3997,0,"[40.84018945, -73.93737649]",Washington Heights
4025,2,"[38.88839871, -94.62041633]",Leawood
4029,1,"[42.04836196, -87.74130154]",Skokie
4031,0,"[40.69428253, -74.17219198]",Newark
4032,0,"[40.69429232, -74.17208436]",Newark
4082,0,"[37.61833841, -122.38389799]",Millbrae
4084,0,"[37.61859126, -122.38385699]",Millbrae
4119,0,"[45.58931882, -122.5959928]",Vancouver
4139,1,"[39.85861725, -104.67232956]",Brighton
4171,1,"[39.85861339, -104.67232131]",Brighton
4206,0,"[26.37852293, -81.78472152]",Bonita Springs
4208,2,"[39.85871934, -104.67371484]",Brighton
4220,0,"[40.70773298, -74.17069948]",Newark
4225,0,"[40.70749747, -74.17084113]",Newark
4287,2,"[40.35805521, -111.78241283]",American Fork
4300,0,"[37.62006843, -122.38822083]",Millbrae
4313,1,"[30.09009009, -95.64621813]",Cypress
4319,0,"[38.9058375, -77.00423674]","Washington, D.C."
4332,0,"[41.19758614, -73.76914167]",Ossining
4333,0,"[41.1974934, -73.76920486]",Ossining
4341,2,"[41.19747574, -73.76926201]",Ossining
4363,0,"[41.78546237, -87.7430551]",Cicero
4365,0,"[42.88502249, -85.52894527]",Forest Hills
4420,0,"[38.30097379, -122.30180037]",Napa
4445,0,"[35.84808282, -78.66572751]",West Raleigh
4477,2,"[42.3667769, -71.0170733]",Chelsea
4482,0,"[39.87778809, -75.23663363]",Drexel Hill
4555,1,"[39.64617884, -94.31618144]",Liberty
4560,2,"[37.6177248, -122.3913514]",Millbrae
4564,0,"[37.6170841, -122.3877223]",Millbrae
4593,1,"[41.52066893, -81.21118788]",Mentor
4629,2,"[39.50503682, -119.77382751]",Sparks
4630,0,"[32.73154946, -117.19636508]",San Diego
4683,0,"[42.3427148, -71.5504243]",Marlborough
4684,0,"[32.7156489, -117.1556388]",San Diego
4695,2,"[33.43403712, -111.99678364]",Tempe Junction
4716,0,"[33.64079948, -84.4358346]",East Point
4729,2,"[32.85744983, -97.03548311]",Euless
4787,2,"[34.00646846, -118.48131246]",Santa Monica
4806,2,"[40.76352814, -111.89191896]",Salt Lake City
4826,0,"[41.79410567, -87.74243312]",Cicero
4891,2,"[33.51750182, -101.90914558]",Lubbock
4901,2,"[29.65283375, -95.275749]",Houston
4910,1,"[40.91509493, -81.4367726]",North Canton
4916,0,"[32.73284288, -117.19634507]",San Diego
4920,0,"[40.91497406, -81.43686526]",North Canton
4924,2,"[42.58417604, -83.1064707]",Troy
4934,1,"[42.58399752, -83.10630667]",Troy
4935,1,"[39.87875827, -75.23722854]",Drexel Hill
4970,0,"[30.27027027, -97.74064527]",Austin
4974,2,"[33.4338494, -111.9963312]",Tempe Junction
4976,0,"[33.00605781, -96.76519155]",Addison
4977,0,"[41.72810364, -71.43406677]",Warwick
4980,2,"[34.7300769, -92.219814]",North Little Rock
4992,1,"[41.77838296, -87.7409109]",Burbank
4993,0,"[38.84884095, -77.04207298]","Washington, D.C."
5022,2,"[40.72845228, -80.08224442]",Cranberry Township
5035,0,"[36.12665696, -86.66953068]",Nashville
5058,0,"[41.65451582, -70.61064187]",Fairhaven
5061,0,"[39.87638268, -75.23929034]",Drexel Hill
5093,0,"[39.73217408, -105.0050626]",Denver
5112,0,"[39.1848041, -76.6787131]",Ferndale
5113,1,"[28.44752379, -81.46716587]",Oak Ridge
5117,0,"[39.1780768, -76.670155]",Ferndale
5127,0,"[39.1766101, -76.6700606]",Ferndale
5128,0,"[39.1766101, -76.6700606]",Ferndale
5129,0,"[39.1765188, -76.6696894]",Ferndale
5131,1,"[39.1766716, -76.6694354]",Ferndale
5132,0,"[42.19881665, -83.3859395]",Romulus
5133,0,"[39.1766628, -76.6694238]",Ferndale
5148,0,"[39.1766573, -76.669424]",Ferndale
5160,0,"[28.43278708, -81.46990923]",Oak Ridge
5193,0,"[36.15093569, -115.27959887]",Spring Valley
5196,0,"[39.17692138, -76.66929304]",Ferndale
5210,0,"[39.1799072, -76.6704455]",Ferndale
5214,1,"[39.1798687, -76.6707032]",Ferndale
5219,0,"[39.1799094, -76.6709767]",Ferndale
5280,1,"[29.6526846, -95.2787367]",Houston
5289,0,"[26.52778866, -81.75533052]",San Carlos Park
5305,2,"[38.90385896, -76.51625101]",Parole
5333,1,"[30.26196639, -97.75945775]",Austin
5373,0,"[41.81477378, -80.93644744]",Ashtabula
5374,2,"[33.6839241, -117.8607358]",Santa Ana
5468,2,"[30.30630631, -97.71394697]",Austin
5485,2,"[40.77512287, -73.86982237]",Jackson Heights
5496,0,"[41.30091858, -95.89873244]",Council Bluffs
5497,0,"[41.30204773, -95.9002533]",Council Bluffs
5532,1,"[35.12084166, -89.84738331]",Germantown
5548,0,"[35.9807446, -115.0846183]",Henderson
5565,1,"[40.2376266, -74.9171435]",Levittown
5571,2,"[41.78959656, -87.74028015]",Cicero
5587,2,"[38.73434659, -90.35501265]",Overland
5612,0,"[40.731704, -73.1724805]",Islip
5616,0,"[41.93001697, -72.68496357]",Windsor
5629,0,"[41.93015938, -72.68522399]",Windsor
5636,0,"[33.93454129, -118.40270098]",El Segundo
5675,0,"[42.313473, -87.83530047]",North Chicago
5688,0,"[33.1973379, -96.7573509]",Frisco
5695,1,"[26.08232307, -80.16234879]",Dania Beach
5712,2,"[33.67698231, -117.8647932]",Costa Mesa
5713,0,"[33.18882771, -96.64036423]",Allen
5741,0,"[40.774588, -73.8708903]",Jackson Heights
5753,0,"[37.78915629, -122.4148408]",San Francisco
5761,0,"[36.08029523, -115.1466466]",Paradise
5762,1,"[35.0557688, -78.9702049]",Hope Mills
5763,0,"[32.8405223, -96.8149248]",Dallas
5775,1,"[32.80223908, -117.2312804]",San Diego
5796,0,"[39.29345234, -94.71996208]",Gladstone
5819,2,"[36.0931536, -86.6973554]",Brentwood
5822,0,"[36.1293776, -86.6699252]",Nashville
5848,0,"[30.20650347, -97.74889927]",Austin
5881,2,"[34.0658388, -117.5711653]",Rancho Cucamonga
5883,1,"[39.28859449, -76.61832385]",Baltimore
5893,1,"[41.24222981, -77.02647239]",Williamsport
5904,1,"[30.20654541, -97.74890436]",Austin
5911,0,"[29.98473682, -90.25978334]",Kenner
5924,0,"[39.29372784, -94.71998281]",Gladstone
5948,0,"[39.86311565, -104.67610845]",Brighton
5972,2,"[33.05776114, -96.78169517]",Frisco
6046,2,"[28.43585235, -81.30356273]",Meadow Woods
6050,2,"[32.96225554, -96.80070994]",Addison
6082,0,"[33.94729153, -118.40186744]",El Segundo
6083,0,"[33.94729537, -118.40196951]",El Segundo
6089,0,"[39.17709903, -76.67124539]",Ferndale
6114,2,"[36.898315, -76.204491]",Elizabeth City
6123,2,"[29.65275101, -95.27596615]",Houston
6176,0,"[35.8271843, -87.43714049]",Dickson
6183,1,"[27.9344812, -82.47401175]",Tampa
6192,1,"[44.8741191, -93.22830677]",Richfield
6218,2,"[38.97681463, -76.50266928]",Annapolis
6226,1,"[40.4871427, -112.011264]",Herriman
6237,2,"[30.43823709, -97.76632883]",Brushy Creek
6242,0,"[36.22640559, -86.82373437]",Nashville
6252,0,"[25.7661538, -80.2517994]",Coral Gables
6269,0,"[38.34274662, -122.32611925]",Napa
6345,1,"[41.28597403, -72.44456912]",Waterford
6363,0,"[36.11159761, -86.7844525]",Nashville
6365,0,"[40.71035967, -74.15721568]",Newark
6399,2,"[39.73167173, -86.3559619]",Plainfield
6405,2,"[36.14488928, -86.68739667]",Nashville
6419,0,"[29.65350715, -95.26679505]",Friendswood
6454,0,"[33.42067535, -111.93155126]",Tempe Junction
6477,1,"[36.14487986, -86.68740641]",Nashville
6482,0,"[40.65954723, -74.16986421]",Mariners Harbor
6483,0,"[40.65958823, -74.16987822]",Mariners Harbor
6484,0,"[40.65951726, -74.16980326]",Mariners Harbor
6485,0,"[40.65947097, -74.16982402]",Mariners Harbor
6487,0,"[40.65957477, -74.17018971]",Mariners Harbor
6488,2,"[30.0554953, -95.1659332]",Atascocita
6499,2,"[36.0212589, -86.5447783]",La Vergne
6536,0,"[38.73693556, -90.35367062]",Overland
6543,2,"[38.98057249, -76.73463232]",Bowie
6545,2,"[35.99558298, -78.89974547]",Durham
6689,0,"[41.79493709, -71.48004413]",Johnston
6718,0,"[30.35571967, -87.27675562]",West Pensacola
6721,1,"[38.56979708, -75.1096009]",Salisbury
6739,1,"[21.05483165, -86.78164351]",CancÃºn
6809,1,"[40.70326657, -74.01106458]",New York City
6817,2,"[34.02763089, -118.49627894]",Santa Monica
6819,1,"[34.02761838, -118.49646336]",Santa Monica
6821,2,"[34.02764112, -118.49636416]",Santa Monica
6852,0,"[42.3658858, -71.01423374]",Chelsea
6866,1,"[33.8191302, -118.1455457]",Long Beach
6873,1,"[42.36005288, -71.06315559]",Boston
6918,1,"[40.76262466, -73.73946148]",Queens Village
6920,0,"[40.76262285, -73.7394313]",Queens Village
6930,2,"[41.21681145, -73.12508256]",City of Milford (balance)
7010,0,"[51.54381448, -0.00116722]",Canary Wharf
7048,0,"[34.09548421, -81.20955847]",Seven Oaks
7101,1,"[42.3427056, -71.5504108]",Marlborough
7112,2,"[33.78310211, -84.21250227]",Belvedere Park
7133,2,"[42.35829164, -71.06163025]",Boston
7141,2,"[26.37067479, -80.10215823]",Boca Raton
7176,2,"[41.06865736, -73.70398273]",White Plains
7184,1,"[40.64579177, -73.77555571]",Springfield Gardens
7187,0,"[41.06869526, -73.70402469]",White Plains
7203,1,"[40.6467516, -73.77465033]",Springfield Gardens
7204,0,"[40.64646872, -73.77594979]",Springfield Gardens
7239,0,"[26.0713458, -80.146874]",Dania Beach
7241,1,"[13.07761455, -59.60542973]",Bridgetown
7244,0,"[13.07787514, -59.6049865]",Bridgetown
7252,2,"[33.7008468, -118.0192094]",Huntington Beach
7265,1,"[40.64682076, -73.7823236]",Springfield Gardens
7266,0,"[40.64485766, -73.78737261]",Springfield Gardens
7273,0,"[42.36494288, -71.01451482]",Chelsea
7275,2,"[40.89343356, -74.29961359]",Wayne
7277,0,"[40.85036847, -74.42575912]",Parsippany
7280,0,"[40.775248, -74.48253909]",Morristown
7287,1,"[40.77844416, -73.87477197]",Jackson Heights
7302,0,"[40.64797296, -73.77939249]",Springfield Gardens
7308,0,"[40.64602261, -73.7762935]",Springfield Gardens
7361,1,"[40.61883222, -74.015404]",Dyker Heights
7364,0,"[40.61884429, -74.0153922]",Dyker Heights
7365,0,"[40.61878764, -74.01544319]",Dyker Heights
7367,0,"[40.61886457, -74.01535789]",Dyker Heights
7370,1,"[40.79874419, -73.82756667]",Whitestone
7371,0,"[40.6466862, -73.7769539]",Springfield Gardens
7416,0,"[42.40805407, -88.62699707]",Woodstock
7473,0,"[40.7740308, -73.8674526]",College Point
7482,2,"[4.69840554, -74.14134323]",Funza
7490,0,"[32.73346632, -117.20410937]",San Diego
7495,0,"[40.64646912, -73.79133606]",Springfield Gardens
7500,2,"[38.6485933, -121.11740707]",El Dorado Hills
7502,0,"[40.64646912, -73.79133606]",Springfield Gardens
7507,0,"[40.64646912, -73.79133606]",Springfield Gardens
7541,2,"[38.69255098, -121.58854512]",West Sacramento
7627,1,"[25.05152514, -77.46620117]",Nassau
7677,2,"[34.546788, -87.012305]",Decatur
7679,0,"[40.65275545, -73.79457024]",Springfield Gardens
7680,0,"[40.64779984, -73.78283404]",Springfield Gardens
7742,1,"[42.36726898, -71.01512871]",Chelsea
7750,0,"[18.43615031, -66.00573829]",Carolina
7760,2,"[40.67851205, -73.43465391]",East Massapequa
7791,2,"[41.05811177, -73.53637216]",Port Chester
7806,0,"[40.64573089, -73.77655727]",Springfield Gardens
7863,2,"[28.42301907, -81.29654204]",Meadow Woods
7898,0,"[40.64342444, -111.49392569]",Cottonwood Heights
7899,0,"[40.64339686, -111.49337274]",Cottonwood Heights
7909,1,"[40.88529232, -73.856635]",Wakefield
7911,0,"[40.88539964, -73.85658056]",Wakefield
7914,2,"[40.7171667, -73.96415608]",Long Island City
7918,1,"[40.71716644, -73.96426215]",Long Island City
7939,1,"[43.3230125, -73.64314219]",Queensbury
7946,1,"[33.8117407, -118.1628]",Long Beach
7957,2,"[26.07159064, -80.14770942]",Dania Beach
7967,0,"[40.64530946, -73.77617682]",Springfield Gardens
7972,0,"[40.64534568, -73.77609616]",Springfield Gardens
7973,0,"[40.64531687, -73.77617765]",Springfield Gardens
7974,0,"[40.64529157, -73.7761025]",Springfield Gardens
8029,1,"[37.40321679, -121.96988433]",Santa Clara
8093,1,"[38.91355311, -77.04169657]","Washington, D.C."
8158,2,"[40.79248745, -111.98778056]",North Salt Lake
8173,1,"[40.64638899, -73.78399051]",Springfield Gardens
8175,0,"[40.64656067, -73.78334045]",Springfield Gardens
8176,0,"[40.64656067, -73.78334045]",Springfield Gardens
8177,0,"[40.64656067, -73.78334045]",Springfield Gardens
8178,0,"[40.64656067, -73.78334045]",Springfield Gardens
8179,0,"[40.64656067, -73.78334045]",Springfield Gardens
8198,2,"[40.64661043, -73.776003]",Springfield Gardens
8199,0,"[40.64719984, -73.77530956]",Springfield Gardens
8200,0,"[40.64679403, -73.77516598]",Springfield Gardens
8201,1,"[40.64679903, -73.7734517]",Springfield Gardens
8204,0,"[40.64374009, -73.77678134]",Springfield Gardens
8205,0,"[40.64490372, -73.77508276]",Springfield Gardens
8308,2,"[42.36834942, -71.0152744]",Chelsea
8311,0,"[42.36833796, -71.01525742]",Chelsea
8334,0,"[40.63817554, -73.95630614]",Brooklyn
8342,0,"[38.87982914, -77.11608667]","Washington, D.C."
8416,0,"[33.81346953, -117.91426571]",Anaheim
8421,1,"[33.81391813, -117.92216895]",Anaheim
8462,2,"[40.64610291, -73.78666687]",Springfield Gardens
8476,0,"[40.64527675, -73.7761654]",Springfield Gardens
8500,0,"[40.64527481, -73.77615604]",Springfield Gardens
8501,0,"[40.51809311, -74.48552378]",Somerset
8513,0,"[40.51806327, -74.48518231]",Somerset
8517,1,"[40.51270596, -74.48509319]",Somerset
8518,0,"[40.64518126, -73.77582926]",Springfield Gardens
8520,0,"[40.51794328, -74.48516831]",Somerset
8524,0,"[40.64520088, -73.77587636]",Springfield Gardens
8583,0,"[40.77471899, -73.86957658]",Jackson Heights
8584,1,"[46.14149629, -122.90609053]",Longview
8585,0,"[40.77460155, -73.86969694]",Jackson Heights
8625,0,"[41.71826065, -72.68689133]",Wethersfield
8660,2,"[28.4261453, -81.2998841]",Meadow Woods
8674,2,"[18.22245647, -63.00369733]",The Valley
8676,2,"[18.22245647, -63.00369733]",The Valley
8677,2,"[18.22245747, -63.00369895]",The Valley
8723,0,"[32.73130971, -117.20222555]",San Diego
8779,0,"[18.44643543, -66.28345755]",Candelaria
8793,0,"[18.4465457, -66.28316651]",Candelaria
8797,0,"[32.99815682, -117.17405196]",Rancho Penasquitos
8825,0,"[42.36604659, -71.01573889]",Chelsea
8846,1,"[40.64784472, -73.77710687]",Springfield Gardens
8863,0,"[40.64656067, -73.78334045]",Springfield Gardens
8872,1,"[46.16798631, -122.96616783]",Longview
8873,1,"[46.16788404, -122.96673513]",Longview
8940,2,"[40.78521842, -74.07232899]",Secaucus
8962,2,"[32.07301184, -81.09362691]",Savannah
8973,0,"[35.21979387, -80.94498281]",Charlotte
8985,2,"[33.43720156, -111.99928786]",Tempe Junction
9040,0,"[40.6954621, -74.1733106]",Newark
9185,0,"[29.99135326, -95.52122091]",Aldine
9234,0,"[29.99653598, -95.53874781]",Cypress
9244,2,"[35.22177192, -80.92309308]",Charlotte
9379,1,"[38.95804042, -77.26190063]",Potomac
9398,1,"[39.87010428, -75.2507858]",Drexel Hill
9431,0,"[42.2822248, -71.0378408]",Milton
9440,0,"[33.43588637, -111.99965664]",Tempe Junction
9441,0,"[33.43824974, -111.99987573]",Tempe Junction
9511,0,"[33.43790009, -111.99746652]",Tempe Junction
9519,0,"[35.21843964, -80.94253029]",Charlotte
9536,0,"[39.8805621, -75.23893393]",Drexel Hill
9566,0,"[39.88116058, -75.24031037]",Drexel Hill
9580,0,"[39.88024969, -75.2363937]",Drexel Hill
9596,1,"[33.6424884, -84.4325976]",East Point
9600,0,"[21.15194085, -86.82443877]",CancÃºn
9612,0,"[40.49569523, -80.24513477]",Upper Saint Clair
9616,0,"[36.11203645, -115.17712729]",Paradise
9698,0,"[33.80598632, -118.36571615]",Torrance
9739,0,"[38.86411798, -77.0231684]","Washington, D.C."
9747,0,"[32.43487013, -80.64150369]",Hilton Head
9767,0,"[33.54774386, -86.75224256]",Mountain Brook
9774,0,"[39.8749399, -75.2407937]",Drexel Hill
9777,0,"[39.8749366, -75.2407972]",Drexel Hill
9846,0,"[21.15192481, -86.82441431]",CancÃºn
9876,0,"[39.8749922, -75.24017448]",Drexel Hill
9877,0,"[39.87455718, -75.24082121]",Drexel Hill
9887,0,"[42.36184505, -71.02219492]",Chelsea
9893,0,"[43.19825137, -70.87335749]",Dover
9894,0,"[43.19830037, -70.87348793]",Dover
9895,0,"[43.19824341, -70.8733423]",Dover
9899,0,"[43.19872113, -70.87307422]",Dover
9913,0,"[42.74561865, -73.80942844]",West Albany
9914,1,"[35.87642273, -78.79274566]",Morrisville
9916,0,"[35.87648539, -78.79266577]",Morrisville
9920,1,"[33.50528024, -86.81047219]",Birmingham
9984,0,"[40.85214382, -73.28567395]",Commack
9985,0,"[39.98272482, -86.22502919]",Zionsville
10042,0,"[37.78831231, -122.41007318]",San Francisco
10056,0,"[35.22358885, -80.95061712]",Charlotte
10058,0,"[35.21905941, -80.9426995]",Charlotte
10063,0,"[40.04903686, -75.1035816]",Willow Grove
10124,0,"[39.87309176, -75.24413798]",Drexel Hill
10135,0,"[38.92102632, -76.9969392]",Chillum
10165,0,"[39.52438256, -74.70144898]",Pleasantville
10195,0,"[36.24269903, -86.10760197]",Lebanon
10235,0,"[25.7789761, -80.1353923]",Miami Beach
10236,0,"[25.7789509, -80.1353866]",Miami Beach
10240,0,"[39.05365524, -84.65487604]",Florence
10247,0,"[39.25956567, -76.70131545]",Arbutus
10288,0,"[39.87631844, -75.24302471]",Drexel Hill
10305,0,"[43.74167873, -79.3442243]",East York
10352,0,"[34.00912984, -84.37154603]",Roswell
10378,0,"[39.87355987, -75.24730884]",Drexel Hill
10392,0,"[39.87414824, -75.25238981]",Drexel Hill
10393,0,"[39.87414053, -75.25236332]",Drexel Hill
10409,0,"[40.04893741, -75.10344598]",Willow Grove
10414,0,"[39.87372068, -75.24732898]",Drexel Hill
10422,0,"[35.2190054, -80.9427282]",Charlotte
10426,0,"[35.2191669, -80.9435256]",Charlotte
10432,0,"[40.04915451, -75.10364317]",Willow Grove
10438,0,"[41.49092099, -81.71644934]",Cleveland
10439,0,"[33.43629607, -111.99894068]",Tempe Junction
10440,0,"[41.49090693, -81.71627307]",Cleveland
10450,2,"[41.72221977, -71.44574004]",Warwick
10457,0,"[41.46454996, -81.70961875]",Cleveland
10462,0,"[41.46460532, -81.70957793]",Cleveland
10484,2,"[39.94624391, -75.17915216]",Philadelphia
10492,0,"[39.90000449, -75.20693516]",Philadelphia
10519,0,"[35.2238122, -80.9435393]",Charlotte
10555,0,"[34.16721397, -118.3453091]",Universal City
10576,0,"[38.85580899, -77.04174148]","Washington, D.C."
10588,0,"[38.90321224, -76.99583548]","Washington, D.C."
10595,1,"[39.9692473, -75.1346431]",Philadelphia
10627,0,"[38.18285051, -85.74225293]",Okolona
10668,1,"[42.201792, -88.3376974]",Lake in the Hills
10681,0,"[42.2017895, -88.337723]",Lake in the Hills
10730,0,"[35.22257093, -80.93941664]",Charlotte
10824,0,"[34.16721627, -118.34537339]",Universal City
10828,0,"[40.77265898, -73.86525922]",College Point
10971,0,"[51.4713252, -0.4674035]",Ashford
10995,0,"[35.2203248, -80.94508344]",Charlotte
10998,0,"[38.86402742, -77.04855865]","Washington, D.C."
11004,0,"[38.86432211, -77.04913451]","Washington, D.C."
11029,0,"[39.8816419, -75.2475867]",Drexel Hill
11066,0,"[39.8744048, -75.24235009]",Drexel Hill
11112,0,"[29.99562368, -90.24376862]",Kenner
11113,1,"[42.95012208, -87.90085158]",Cudahy
11118,2,"[42.95119138, -87.90117857]",Cudahy
11121,0,"[29.98442078, -90.25340271]",Kenner
11134,0,"[29.99894707, -90.27229299]",Kenner
11141,0,"[29.98730979, -90.25605983]",Kenner
11161,0,"[40.74609464, -74.00636235]",Hoboken
11211,2,"[35.2204278, -80.94281752]",Charlotte
11277,1,"[33.79727578, -117.85043081]",Orange
11288,2,"[35.22209167, -80.95237732]",Charlotte
11296,0,"[35.22476994, -80.93932077]",Charlotte
11309,0,"[35.22447828, -80.93940943]",Charlotte
11323,0,"[35.22604872, -80.93863381]",Charlotte
11379,2,"[35.22123472, -80.93287633]",Charlotte
11384,2,"[35.21820752, -80.94527061]",Charlotte
11397,0,"[35.210373, -80.9538682]",Charlotte
11451,0,"[41.15955496, -81.39767448]",Kent
11454,0,"[41.16013713, -81.39768211]",Kent
11458,2,"[41.16012493, -81.39760735]",Kent
11472,0,"[30.44405028, -84.23614305]",Tallahassee
11478,0,"[30.44414315, -84.23627649]",Tallahassee
11540,0,"[35.23185283, -80.96487203]",Charlotte
11555,0,"[43.0460116, -84.4795683]",East Lansing
11556,0,"[43.0460003, -84.4794566]",East Lansing
11599,0,"[35.22287836, -80.94056653]",Charlotte
11618,0,"[36.1036159, -115.16564]",Paradise
11623,0,"[35.22363719, -80.94045544]",Charlotte
11625,0,"[35.22347122, -80.94043272]",Charlotte
11673,2,"[27.96879606, -82.55192621]",Town 'n' Country
11699,0,"[25.8801693, -80.14141202]",North Miami
11737,0,"[35.22032317, -80.94508353]",Charlotte
11753,0,"[38.8639627, -77.0436015]","Washington, D.C."
11761,0,"[38.8687568, -77.035652]","Washington, D.C."
11784,2,"[36.08576903, -115.14953095]",Paradise
11787,0,"[40.6488643, -73.7944749]",Springfield Gardens
11789,0,"[35.20346242, -80.92218024]",Charlotte
11805,2,"[36.08584875, -115.14968355]",Paradise
11888,0,"[35.22643463, -80.93879965]",Charlotte
11912,2,"[37.78618135, -122.45742542]",San Francisco
11936,1,"[32.82813261, -97.25115941]",Haltom City
11956,0,"[40.69017276, -73.91646118]",Bushwick
11957,0,"[40.68994668, -73.91637642]",Bushwick
11958,0,"[40.69002464, -73.91638072]",Bushwick
11960,0,"[40.68996177, -73.91640136]",Bushwick
12026,0,"[34.0213466, -118.45229268]",Santa Monica
12049,0,"[35.22643463, -80.93879965]",Charlotte
12073,2,"[37.78618135, -122.45742542]",San Francisco
12097,1,"[32.82813261, -97.25115941]",Haltom City
12117,0,"[40.69017276, -73.91646118]",Bushwick
12118,0,"[40.68994668, -73.91637642]",Bushwick
12119,0,"[40.69002464, -73.91638072]",Bushwick
12121,0,"[40.68996177, -73.91640136]",Bushwick
12258,0,"[32.8968169, -97.0618222]",Grapevine
12260,1,"[28.02034806, -82.52234293]",Egypt Lake-Leto
12269,0,"[40.78476286, -73.97029561]",Manhattan
12285,0,"[27.97575376, -82.53714356]",Egypt Lake-Leto
12293,2,"[41.06938783, -73.73394372]",White Plains
12321,0,"[27.97628758, -82.53727303]",Egypt Lake-Leto
12326,0,"[39.29951964, -94.71192112]",Gladstone
12334,1,"[39.29381252, -94.71144036]",Gladstone
12342,2,"[33.8143379, -116.53572408]",Palm Springs
12356,0,"[39.29275067, -94.70795218]",Gladstone
12407,0,"[42.18424338, -70.92464087]",Weymouth
12421,0,"[42.16481023, -70.88929237]",Rockland
12541,0,"[30.32398902, -97.71081198]",Austin
12543,1,"[32.91792297, -97.00367737]",Coppell
12545,0,"[32.91792297, -97.00367737]",Coppell
12550,0,"[32.91792297, -97.00367737]",Coppell
12561,0,"[42.01578804, -87.68332344]",Evanston
12565,2,"[32.89959729, -97.03558888]",Grapevine
12581,0,"[40.7786084, -73.94979947]",Manhattan
12582,0,"[41.98051682, -87.73798602]",Skokie
12607,0,"[40.77382001, -73.87315003]",Jackson Heights
12628,1,"[39.8893997, -75.219676]",Philadelphia
12632,2,"[32.9176348, -97.0163282]",Coppell
12647,2,"[41.99335821, -87.91260807]",Bensenville
12699,0,"[32.92215312, -96.97563515]",Coppell
12711,0,"[47.6171292, -122.2803409]",Seattle
12718,0,"[41.95627333, -87.87860345]",Franklin Park
12721,0,"[41.45858699, -81.86780822]",Fairview Park
12730,0,"[41.45856783, -81.86763782]",Fairview Park
12740,0,"[41.45862827, -81.86766456]",Fairview Park
12754,0,"[25.79667815, -80.28050395]",Brownsville
12777,0,"[41.45875201, -81.86775899]",Fairview Park
12779,0,"[36.29164025, -94.11796975]",Rogers
12799,0,"[35.87658269, -78.79254351]",Morrisville
12801,0,"[41.45847861, -81.86764536]",Fairview Park
12822,0,"[41.97367122, -87.89700781]",Bensenville
12836,0,"[35.17267919, -89.77001941]",Germantown
12837,0,"[35.17282894, -89.76988366]",Germantown
12839,0,"[35.17266822, -89.76993377]",Germantown
12840,0,"[35.1728241, -89.76989935]",Germantown
12841,0,"[35.17263842, -89.769988]",Germantown
12845,0,"[35.17279513, -89.76980671]",Germantown
12930,0,"[41.97417744, -87.9004223]",Bensenville
12960,2,"[39.57991628, -105.94147157]",Golden
12987,0,"[31.93684422, -102.20753682]",Midland
12989,0,"[32.90431463, -97.03489789]",Grapevine
13003,1,"[34.02153389, -118.45231518]",Santa Monica
13004,2,"[33.66642719, -117.88328444]",Costa Mesa
13048,0,"[35.46005368, -80.68267946]",Kannapolis
13055,0,"[32.90425138, -97.02805207]",Coppell
13082,0,"[34.0213466, -118.45229268]",Santa Monica
13115,0,"[40.68625909, -74.17970876]",Elizabeth
13129,0,"[39.60778027, -105.95470209]",Golden
13145,1,"[39.91337753, -75.3408263]",Springfield
13148,0,"[34.02389944, -118.45541773]",Santa Monica
13155,0,"[33.43417698, -111.99680158]",Tempe Junction
13157,1,"[30.441566, -84.281745]",Tallahassee
13163,1,"[39.91370182, -75.3405344]",Springfield
13183,0,"[34.09822952, -118.34307851]",Hollywood
13184,2,"[41.97629096, -87.89888444]",Bensenville
13189,0,"[52.51012486, -2.98098622]",Shrewsbury
13192,0,"[52.51012488, -2.98098624]",Shrewsbury
13195,0,"[28.35144756, -81.54358392]",Four Corners
13196,0,"[52.51012533, -2.98099904]",Shrewsbury
13197,0,"[32.78951797, -96.79891462]",Dallas
13202,0,"[39.60813937, -105.9548521]",Golden
13214,1,"[10.42269832, -75.54540857]",Cartagena
13221,0,"[34.10971017, -118.32188864]",Hollywood
13261,0,"[34.10909961, -118.32361693]",Hollywood
13266,0,"[52.51022081, -2.98091961]",Shrewsbury
13301,0,"[33.43064352, -112.04521474]",Phoenix
13304,0,"[37.93712278, -107.81800496]",Montrose
13343,0,"[41.97326595, -87.90025691]",Bensenville
13347,0,"[37.77414482, -122.43628588]",San Francisco
13355,0,"[37.93644673, -107.81832713]",Montrose
13356,0,"[37.93609081, -107.81826687]",Montrose
13368,0,"[37.93885695, -107.82069276]",Montrose
13371,1,"[37.93882337, -107.82065521]",Montrose
13373,0,"[37.93663309, -107.81820588]",Montrose
13403,0,"[44.98157837, -93.23592187]",Minneapolis
13409,0,"[33.9424707, -118.4066671]",El Segundo
13416,0,"[33.9424834, -118.4066885]",El Segundo
13426,0,"[33.9424824, -118.4066757]",El Segundo
13430,0,"[51.44284934, -0.13973305]",Battersea
13432,0,"[35.09721018, -89.89624696]",Germantown
13436,0,"[33.9424793, -118.4066936]",El Segundo
13438,0,"[32.79397552, -96.80477419]",Dallas
13452,0,"[32.79401294, -96.80478711]",Dallas
13484,0,"[51.44283789, -0.13974112]",Battersea
13493,0,"[33.55192892, -112.07392397]",Phoenix
13513,0,"[42.205996, -83.35487329]",Romulus
13518,0,"[47.62581201, -122.3501506]",Seattle
13527,0,"[25.8058716, -80.1255332]",Miami Beach
13533,1,"[27.69523415, -97.34856142]",Corpus Christi
13555,0,"[27.69540747, -97.34836874]",Corpus Christi
13557,0,"[51.44275382, -0.13962939]",Battersea
13576,2,"[40.62967208, -73.90433402]",Canarsie
13580,1,"[25.79729334, -80.28082058]",Brownsville
13696,0,"[33.40901961, -111.90976239]",Tempe
13721,1,"[33.5333555, -112.1827159]",Glendale
13766,2,"[35.2376587, -80.92256446]",Charlotte
13781,0,"[40.67072447, -73.97727422]",Kensington
13785,2,"[24.55401318, -81.80300774]",Key West
13790,2,"[33.94207019, -118.39427775]",El Segundo
13794,0,"[30.0555099, -95.165959]",Atascocita
13810,0,"[43.6950263, -79.3457844]",East York
13814,0,"[21.32879526, -157.91846558]",Honolulu
13835,0,"[25.7977857, -80.2809721]",Brownsville
13847,1,"[30.2772503, -81.38732586]",Jacksonville Beach
13848,0,"[32.89840957, -97.04456259]",Grapevine
13875,0,"[32.89873575, -97.04452633]",Grapevine
13884,2,"[30.33730037, -97.74637026]",Austin
13909,0,"[39.85437802, -104.67127565]",Brighton
13937,0,"[40.64859599, -73.79426922]",Springfield Gardens
13958,0,"[25.79939784, -80.27038889]",Brownsville
14011,1,"[35.23776431, -80.92233988]",Charlotte
14012,0,"[32.89772724, -97.03561645]",Grapevine
14025,2,"[41.9774863, -87.90414419]",Bensenville
14027,0,"[25.8058675, -80.1260541]",Miami Beach
14029,0,"[25.8058666, -80.126062]",Miami Beach
14051,0,"[25.8058656, -80.1260481]",Miami Beach
14055,0,"[35.23770686, -80.92243302]",Charlotte
14070,2,"[33.93871373, -118.40746172]",El Segundo
14110,0,"[34.02109254, -118.50287086]",Santa Monica
14129,0,"[35.20493157, -80.92540817]",Charlotte
14153,0,"[34.02148779, -118.50289643]",Santa Monica
14184,0,"[40.64931132, -73.79263138]",Springfield Gardens
14202,0,"[40.64935461, -73.79198785]",Springfield Gardens
14255,0,"[35.2176668, -80.9426912]",Charlotte
14288,0,"[32.9272165, -97.0396313]",Coppell
14293,0,"[38.83598483, -77.10864801]","Washington, D.C."
14337,0,"[40.46694635, -82.64579149]",Mount Vernon
14365,0,"[40.65062011, -73.79171323]",Springfield Gardens
14374,2,"[35.87912533, -78.79162128]",Morrisville
14381,0,"[40.64824535, -73.80141955]",Howard Beach
14388,0,"[32.9760867, -96.53332214]",Garland
14391,2,"[25.79101279, -80.28861743]",Flagami
14417,0,"[15.1659317, 120.5830548]",Angeles City
14420,0,"[38.85482856, -77.04128223]","Washington, D.C."
14447,0,"[47.24879409, -122.43874458]",Tacoma
14481,2,"[40.6474324, -73.7936881]",Springfield Gardens
14483,0,"[32.97609561, -96.53349238]",Garland
14490,2,"[40.68621427, -74.1793971]",Elizabeth
14511,2,"[44.26313964, -69.78197616]",Augusta
14524,0,"[40.80718573, -73.95477259]",Harlem
14525,0,"[38.5369071, -106.9349375]",Montrose
14528,0,"[38.538038, -106.9370467]",Montrose
14555,0,"[33.64199395, -84.44238523]",East Point
14561,0,"[32.90771571, -97.04233322]",Grapevine
14577,0,"[33.93939612, -118.38973148]",El Segundo
14596,0,"[35.22534456, -106.57241352]",Rio Rancho
14612,0,"[40.46692522, -82.64567078]",Mount Vernon
14624,0,"[32.9070889, -97.03785947]",Grapevine
14625,2,"[40.64946781, -73.76624703]",Springfield Gardens
